id,code,name,country_id/id
l10n_it_base.it_AG,AG,Agrigento,base.it
l10n_it_base.it_AL,AL,Alessandria,base.it
l10n_it_base.it_AN,AN,Ancona,base.it
l10n_it_base.it_AO,AO,Aosta,base.it
l10n_it_base.it_AP,AP,Ascoli Piceno,base.it
l10n_it_base.it_AQ,AQ,L'Aquila,base.it
l10n_it_base.it_AR,AR,Arezzo,base.it
l10n_it_base.it_AT,AT,Asti,base.it
l10n_it_base.it_AV,AV,Avellino,base.it
l10n_it_base.it_BA,BA,Bari,base.it
l10n_it_base.it_BG,BG,Bergamo,base.it
l10n_it_base.it_BI,BI,Biella,base.it
l10n_it_base.it_BL,BL,Belluno,base.it
l10n_it_base.it_BN,BN,Benevento,base.it
l10n_it_base.it_BO,BO,Bologna,base.it
l10n_it_base.it_BR,BR,Brindisi,base.it
l10n_it_base.it_BS,BS,Brescia,base.it
l10n_it_base.it_BT,BT,Barletta-Andria-Trani,base.it
l10n_it_base.it_BZ,BZ,Bolzano/Bozen,base.it
l10n_it_base.it_CA,CA,Cagliari,base.it
l10n_it_base.it_CB,CB,Campobasso,base.it
l10n_it_base.it_CE,CE,Caserta,base.it
l10n_it_base.it_CH,CH,Chieti,base.it
l10n_it_base.it_CI,CI,Carbonia-Iglesias,base.it
l10n_it_base.it_CL,CL,Caltanissetta,base.it
l10n_it_base.it_CN,CN,Cuneo,base.it
l10n_it_base.it_CO,CO,Como,base.it
l10n_it_base.it_CR,CR,Cremona,base.it
l10n_it_base.it_CS,CS,Cosenza,base.it
l10n_it_base.it_CT,CT,Catania,base.it
l10n_it_base.it_CZ,CZ,Catanzaro,base.it
l10n_it_base.it_EN,EN,Enna,base.it
l10n_it_base.it_FC,FC,ForlÃ¬-Cesena,base.it
l10n_it_base.it_FE,FE,Ferrara,base.it
l10n_it_base.it_FG,FG,Foggia,base.it
l10n_it_base.it_FI,FI,Firenze,base.it
l10n_it_base.it_FM,FM,Fermo,base.it
l10n_it_base.it_FR,FR,Frosinone,base.it
l10n_it_base.it_GE,GE,Genova,base.it
l10n_it_base.it_GO,GO,Gorizia,base.it
l10n_it_base.it_GR,GR,Grosseto,base.it
l10n_it_base.it_IM,IM,Imperia,base.it
l10n_it_base.it_IS,IS,Isernia,base.it
l10n_it_base.it_KR,KR,Crotone,base.it
l10n_it_base.it_LC,LC,Lecco,base.it
l10n_it_base.it_LE,LE,Lecce,base.it
l10n_it_base.it_LI,LI,Livorno,base.it
l10n_it_base.it_LO,LO,Lodi,base.it
l10n_it_base.it_LT,LT,Latina,base.it
l10n_it_base.it_LU,LU,Lucca,base.it
l10n_it_base.it_MB,MB,Monza e della Brianza,base.it
l10n_it_base.it_MC,MC,Macerata,base.it
l10n_it_base.it_ME,ME,Messina,base.it
l10n_it_base.it_MI,MI,Milano,base.it
l10n_it_base.it_MN,MN,Mantova,base.it
l10n_it_base.it_MO,MO,Modena,base.it
l10n_it_base.it_MS,MS,Massa-Carrara,base.it
l10n_it_base.it_MT,MT,Matera,base.it
l10n_it_base.it_NA,NA,Napoli,base.it
l10n_it_base.it_NO,NO,Novara,base.it
l10n_it_base.it_NU,NU,Nuoro,base.it
l10n_it_base.it_OG,OG,Ogliastra,base.it
l10n_it_base.it_OR,OR,Oristano,base.it
l10n_it_base.it_OT,OT,Olbia-Tempio,base.it
l10n_it_base.it_PA,PA,Palermo,base.it
l10n_it_base.it_PC,PC,Piacenza,base.it
l10n_it_base.it_PD,PD,Padova,base.it
l10n_it_base.it_PE,PE,Pescara,base.it
l10n_it_base.it_PG,PG,Perugia,base.it
l10n_it_base.it_PI,PI,Pisa,base.it
l10n_it_base.it_PN,PN,Pordenone,base.it
l10n_it_base.it_PO,PO,Prato,base.it
l10n_it_base.it_PR,PR,Parma,base.it
l10n_it_base.it_PT,PT,Pistoia,base.it
l10n_it_base.it_PU,PU,Pesaro e Urbino,base.it
l10n_it_base.it_PV,PV,Pavia,base.it
l10n_it_base.it_PZ,PZ,Potenza,base.it
l10n_it_base.it_RA,RA,Ravenna,base.it
l10n_it_base.it_RC,RC,Reggio di Calabria,base.it
l10n_it_base.it_RE,RE,Reggio nell'Emilia,base.it
l10n_it_base.it_RG,RG,Ragusa,base.it
l10n_it_base.it_RI,RI,Rieti,base.it
l10n_it_base.it_RM,RM,Roma,base.it
l10n_it_base.it_RN,RN,Rimini,base.it
l10n_it_base.it_RO,RO,Rovigo,base.it
l10n_it_base.it_SA,SA,Salerno,base.it
l10n_it_base.it_SI,SI,Siena,base.it
l10n_it_base.it_SO,SO,Sondrio,base.it
l10n_it_base.it_SP,SP,La Spezia,base.it
l10n_it_base.it_SR,SR,Siracusa,base.it
l10n_it_base.it_SS,SS,Sassari,base.it
l10n_it_base.it_SV,SV,Savona,base.it
l10n_it_base.it_TA,TA,Taranto,base.it
l10n_it_base.it_TE,TE,Teramo,base.it
l10n_it_base.it_TN,TN,Trento,base.it
l10n_it_base.it_TO,TO,Torino,base.it
l10n_it_base.it_TP,TP,Trapani,base.it
l10n_it_base.it_TR,TR,Terni,base.it
l10n_it_base.it_TS,TS,Trieste,base.it
l10n_it_base.it_TV,TV,Treviso,base.it
l10n_it_base.it_UD,UD,Udine,base.it
l10n_it_base.it_VA,VA,Varese,base.it
l10n_it_base.it_VB,VB,Verbano-Cusio-Ossola,base.it
l10n_it_base.it_VC,VC,Vercelli,base.it
l10n_it_base.it_VE,VE,Venezia,base.it
l10n_it_base.it_VI,VI,Vicenza,base.it
l10n_it_base.it_VR,VR,Verona,base.it
l10n_it_base.it_VS,VS,Medio Campidano,base.it
l10n_it_base.it_VT,VT,Viterbo,base.it
l10n_it_base.it_VV,VV,Vibo Valentia,base.it
